PartitionKey,FileName,Caller_CodeUnit,Caller_CodeUnit_Database,Caller_CodeUnit_Schema,Caller_CodeUnit_Name,Caller_CodeUnit_FullName,Referenced_Element_Database,Referenced_Element_Schema,Referenced_Element_Name,Referenced_Element_FullName,Line,Relation_Type
854633db-0913-4525-be19-c3dfd4fd6eab,BTEQ_SAP_EDO_WKLY_LOAD.sql,CREATE TABLE,N/A,N/A,HLS_DIFF_ODS_GDW_1710,HLS_DIFF_ODS_GDW_1710,N/A,N/A,XUJE_OFFSET_MC_RPT_1710,XUJE_OFFSET_MC_RPT_1710,105,SELECT - FROM
854633db-0913-4525-be19-c3dfd4fd6eab,BTEQ_SAP_EDO_WKLY_LOAD.sql,CREATE TABLE,N/A,N/A,SAP_DIFF_ODS_GDW_1710,SAP_DIFF_ODS_GDW_1710,N/A,N/A,XUJE_OFFSET_MC_RPT_1710,XUJE_OFFSET_MC_RPT_1710,124,SELECT - FROM
854633db-0913-4525-be19-c3dfd4fd6eab,BTEQ_SAP_EDO_WKLY_LOAD.sql,CREATE TABLE,N/A,N/A,HLS_DIFF_GDW_ODS_1710,HLS_DIFF_GDW_ODS_1710,N/A,N/A,XUJE_OFFSET_MC_RPT_1710,XUJE_OFFSET_MC_RPT_1710,152,SELECT - FROM
854633db-0913-4525-be19-c3dfd4fd6eab,BTEQ_SAP_EDO_WKLY_LOAD.sql,CREATE TABLE,N/A,N/A,SAP_DIFF_GDW_ODS_1710,SAP_DIFF_GDW_ODS_1710,N/A,N/A,XUJE_OFFSET_MC_RPT_1710,XUJE_OFFSET_MC_RPT_1710,171,SELECT - FROM
854633db-0913-4525-be19-c3dfd4fd6eab,BTEQ_SAP_EDO_WKLY_LOAD.sql,DROP TABLE,N/A,N/A,N/A,N/A,N/A,N/A,XUJE_OFFSET_MC_RPT_1710,XUJE_OFFSET_MC_RPT_1710,607,DROP
854633db-0913-4525-be19-c3dfd4fd6eab,BTEQ_SAP_EDO_WKLY_LOAD.sql,DROP TABLE,N/A,N/A,N/A,N/A,N/A,N/A,MCMDG_CH_L3BR21,MCMDG_CH_L3BR21,625,DROP
854633db-0913-4525-be19-c3dfd4fd6eab,BTEQ_TAX_INSS_MNLY_LOAD.sql,CREATE TABLE,N/A,N/A,ACCT_PATY_INSS_FIX,ACCT_PATY_INSS_FIX,N/A,N/A,LOAD_MISSING_ACCTS1,LOAD_MISSING_ACCTS1,199,SELECT - FROM
854633db-0913-4525-be19-c3dfd4fd6eab,BTEQ_TAX_INSS_MNLY_LOAD.sql,SELECT,N/A,N/A,N/A,N/A,N/A,N/A,LOAD_MISSING_ACCTS1,LOAD_MISSING_ACCTS1,205,SELECT - FROM
854633db-0913-4525-be19-c3dfd4fd6eab,BTEQ_TAX_INSS_MNLY_LOAD.sql,DROP TABLE,N/A,N/A,N/A,N/A,N/A,N/A,LOAD_MISSING_ACCTS1,LOAD_MISSING_ACCTS1,307,DROP
