SessionID,Severity,Code,Name,Description,ParentFile,Line,Column,Code Unit Database,Code Unit Schema,Code Unit Package,Code Unit Name,Code Unit Id,Code Unit,Code Unit Size
7346d270-1110-4c9c-957b-5fb9f2ba21df,None,SSC-FDM-0007,Element with missing dependencies,"MISSING DEPENDENT OBJECTS ""U_D_DSV_001_QPD_1.BV_B360_CUST_VALU_MGMT_ACTN_INSG_HIST"", ""U_D_DSV_001_QPD_1.BV_B360_CUST_VALU_MGMT_ACTN_INSG""",BV_B360_CUST_VAU_MGMT_ACTN_INSG 1.sql,1825,0,N/A,N/A,N/A,N/A,N/A,INSERT,N/A
7346d270-1110-4c9c-957b-5fb9f2ba21df,None,SSC-FDM-0007,Element with missing dependencies,"MISSING DEPENDENT OBJECT ""U_D_DSV_001_QPD_1.BV_B360_CUST_VALU_MGMT_ACTN_INSG""",BV_B360_CUST_VAU_MGMT_ACTN_INSG 1.sql,1803,0,N/A,N/A,N/A,N/A,N/A,INSERT,N/A
7346d270-1110-4c9c-957b-5fb9f2ba21df,None,SSC-FDM-0008,On Commit not supported,ON COMMIT NOT SUPPORTED,BV_B360_CUST_VAU_MGMT_ACTN_INSG 1.sql,1794,1,N/A,N/A,N/A,VT_REFRESHED,VT_REFRESHED,CREATE TABLE,XS
7346d270-1110-4c9c-957b-5fb9f2ba21df,None,SSC-FDM-0008,On Commit not supported,ON COMMIT NOT SUPPORTED,BV_B360_CUST_VAU_MGMT_ACTN_INSG 1.sql,1766,1,N/A,N/A,N/A,VT_NEW,VT_NEW,CREATE TABLE,S
7346d270-1110-4c9c-957b-5fb9f2ba21df,None,SSC-FDM-0008,On Commit not supported,ON COMMIT NOT SUPPORTED,BV_B360_CUST_VAU_MGMT_ACTN_INSG 1.sql,1703,1,N/A,N/A,N/A,VT_UPDATED,VT_UPDATED,CREATE TABLE,XS
7346d270-1110-4c9c-957b-5fb9f2ba21df,None,SSC-FDM-0007,Element with missing dependencies,"MISSING DEPENDENT OBJECT ""U_D_DSV_001_QPD_1.BV_B360_CUST_VALU_MGMT_ACTN_INSG_HIST""",BV_B360_CUST_VAU_MGMT_ACTN_INSG 1.sql,1640,0,N/A,N/A,N/A,VT_COMBINED,VT_COMBINED,CREATE TABLE,XS
7346d270-1110-4c9c-957b-5fb9f2ba21df,None,SSC-FDM-0008,On Commit not supported,ON COMMIT NOT SUPPORTED,BV_B360_CUST_VAU_MGMT_ACTN_INSG 1.sql,1656,1,N/A,N/A,N/A,VT_COMBINED,VT_COMBINED,CREATE TABLE,XS
7346d270-1110-4c9c-957b-5fb9f2ba21df,None,SSC-FDM-0007,Element with missing dependencies,"MISSING DEPENDENT OBJECT ""U_D_DSV_001_QPD_1.BV_B360_CUST_VALU_MGMT_ACTN_INSG_HIST""",BV_B360_CUST_VAU_MGMT_ACTN_INSG 1.sql,1588,0,N/A,N/A,N/A,VT_REF,VT_REF,CREATE TABLE,XS
7346d270-1110-4c9c-957b-5fb9f2ba21df,None,SSC-FDM-0008,On Commit not supported,ON COMMIT NOT SUPPORTED,BV_B360_CUST_VAU_MGMT_ACTN_INSG 1.sql,1633,1,N/A,N/A,N/A,VT_REF,VT_REF,CREATE TABLE,XS
7346d270-1110-4c9c-957b-5fb9f2ba21df,None,SSC-FDM-TD0029,Calling TO_CHAR can result in different behavior,SNOWFLAKE SUPPORTED FORMATS FOR TO_CHAR DIFFER FROM TERADATA AND MAY FAIL OR HAVE DIFFERENT BEHAVIOR,BV_B360_CUST_VAU_MGMT_ACTN_INSG 1.sql,1620,41,N/A,N/A,N/A,VT_REF,VT_REF,CREATE TABLE,XS
7346d270-1110-4c9c-957b-5fb9f2ba21df,None,SSC-FDM-TD0029,Calling TO_CHAR can result in different behavior,SNOWFLAKE SUPPORTED FORMATS FOR TO_CHAR DIFFER FROM TERADATA AND MAY FAIL OR HAVE DIFFERENT BEHAVIOR,BV_B360_CUST_VAU_MGMT_ACTN_INSG 1.sql,1606,10,N/A,N/A,N/A,VT_REF,VT_REF,CREATE TABLE,XS
7346d270-1110-4c9c-957b-5fb9f2ba21df,None,SSC-FDM-0008,On Commit not supported,ON COMMIT NOT SUPPORTED,BV_B360_CUST_VAU_MGMT_ACTN_INSG 1.sql,1576,31,N/A,N/A,N/A,vt_stnd_comb,vt_stnd_comb,CREATE TABLE,XS
7346d270-1110-4c9c-957b-5fb9f2ba21df,None,SSC-FDM-0008,On Commit not supported,ON COMMIT NOT SUPPORTED,BV_B360_CUST_VAU_MGMT_ACTN_INSG 1.sql,1550,31,N/A,N/A,N/A,vt_stnd,vt_stnd,CREATE TABLE,S
7346d270-1110-4c9c-957b-5fb9f2ba21df,None,SSC-FDM-0007,Element with missing dependencies,"MISSING DEPENDENT OBJECTS ""PFTCF.HASH_MD5"", ""oreplace""",BV_B360_CUST_VAU_MGMT_ACTN_INSG 1.sql,1460,0,N/A,N/A,N/A,final_cashflow_table,final_cashflow_table,CREATE TABLE,XS
7346d270-1110-4c9c-957b-5fb9f2ba21df,None,SSC-FDM-0008,On Commit not supported,ON COMMIT NOT SUPPORTED,BV_B360_CUST_VAU_MGMT_ACTN_INSG 1.sql,1481,5,N/A,N/A,N/A,final_cashflow_table,final_cashflow_table,CREATE TABLE,XS
7346d270-1110-4c9c-957b-5fb9f2ba21df,None,SSC-FDM-0008,On Commit not supported,ON COMMIT NOT SUPPORTED,BV_B360_CUST_VAU_MGMT_ACTN_INSG 1.sql,1453,77,N/A,N/A,N/A,ranked_insights,ranked_insights,CREATE TABLE,S
7346d270-1110-4c9c-957b-5fb9f2ba21df,None,SSC-FDM-0007,Element with missing dependencies,"MISSING DEPENDENT OBJECTS ""u_v_dsv_001_qpd_1.cust_dimn"", ""OREPLACE""",BV_B360_CUST_VAU_MGMT_ACTN_INSG 1.sql,1335,0,N/A,N/A,N/A,all_cashflow_insights,all_cashflow_insights,CREATE TABLE,XS
7346d270-1110-4c9c-957b-5fb9f2ba21df,None,SSC-FDM-0008,On Commit not supported,ON COMMIT NOT SUPPORTED,BV_B360_CUST_VAU_MGMT_ACTN_INSG 1.sql,1358,1,N/A,N/A,N/A,all_cashflow_insights,all_cashflow_insights,CREATE TABLE,XS
7346d270-1110-4c9c-957b-5fb9f2ba21df,None,SSC-FDM-0008,On Commit not supported,ON COMMIT NOT SUPPORTED,BV_B360_CUST_VAU_MGMT_ACTN_INSG 1.sql,1330,5,N/A,N/A,N/A,final_results,final_results,CREATE TABLE,XS
7346d270-1110-4c9c-957b-5fb9f2ba21df,None,SSC-FDM-0008,On Commit not supported,ON COMMIT NOT SUPPORTED,BV_B360_CUST_VAU_MGMT_ACTN_INSG 1.sql,1316,1,N/A,N/A,N/A,multiple_parties,multiple_parties,CREATE TABLE,S
7346d270-1110-4c9c-957b-5fb9f2ba21df,None,SSC-FDM-0008,On Commit not supported,ON COMMIT NOT SUPPORTED,BV_B360_CUST_VAU_MGMT_ACTN_INSG 1.sql,1234,1,N/A,N/A,N/A,non_multiple_parties,non_multiple_parties,CREATE TABLE,XS
7346d270-1110-4c9c-957b-5fb9f2ba21df,None,SSC-FDM-0008,On Commit not supported,ON COMMIT NOT SUPPORTED,BV_B360_CUST_VAU_MGMT_ACTN_INSG 1.sql,1192,1,N/A,N/A,N/A,grouped_descriptions,grouped_descriptions,CREATE TABLE,XS
7346d270-1110-4c9c-957b-5fb9f2ba21df,None,SSC-FDM-0007,Element with missing dependencies,"MISSING DEPENDENT OBJECTS ""OREPLACE"", ""U_D_DSV_001_QPD_1.BV_B360_CUST_VALU_MGMT_CSHF_SHRF"", ""U_D_DSV_001_QPD_1.CUST_DIMN""",BV_B360_CUST_VAU_MGMT_ACTN_INSG 1.sql,1150,0,N/A,N/A,N/A,cashflow_shortfall_description,cashflow_shortfall_description,CREATE TABLE,XS
7346d270-1110-4c9c-957b-5fb9f2ba21df,None,SSC-FDM-0008,On Commit not supported,ON COMMIT NOT SUPPORTED,BV_B360_CUST_VAU_MGMT_ACTN_INSG 1.sql,1169,1,N/A,N/A,N/A,cashflow_shortfall_description,cashflow_shortfall_description,CREATE TABLE,XS
7346d270-1110-4c9c-957b-5fb9f2ba21df,None,SSC-FDM-0008,On Commit not supported,ON COMMIT NOT SUPPORTED,BV_B360_CUST_VAU_MGMT_ACTN_INSG 1.sql,1133,38,N/A,N/A,N/A,vt_pn_final,vt_pn_final,CREATE TABLE,XS
7346d270-1110-4c9c-957b-5fb9f2ba21df,None,SSC-FDM-0007,Element with missing dependencies,"MISSING DEPENDENT OBJECT ""PFTCF.HASH_MD5""",BV_B360_CUST_VAU_MGMT_ACTN_INSG 1.sql,1083,0,N/A,N/A,N/A,vt_pn_ranked_insights,vt_pn_ranked_insights,CREATE TABLE,XS
7346d270-1110-4c9c-957b-5fb9f2ba21df,None,SSC-FDM-0008,On Commit not supported,ON COMMIT NOT SUPPORTED,BV_B360_CUST_VAU_MGMT_ACTN_INSG 1.sql,1111,38,N/A,N/A,N/A,vt_pn_ranked_insights,vt_pn_ranked_insights,CREATE TABLE,XS
7346d270-1110-4c9c-957b-5fb9f2ba21df,None,SSC-FDM-0008,On Commit not supported,ON COMMIT NOT SUPPORTED,BV_B360_CUST_VAU_MGMT_ACTN_INSG 1.sql,1079,38,N/A,N/A,N/A,vt_pn_combined_insights,vt_pn_combined_insights,CREATE TABLE,S
7346d270-1110-4c9c-957b-5fb9f2ba21df,None,SSC-FDM-0008,On Commit not supported,ON COMMIT NOT SUPPORTED,BV_B360_CUST_VAU_MGMT_ACTN_INSG 1.sql,1017,38,N/A,N/A,N/A,vt_pn_high_need,vt_pn_high_need,CREATE TABLE,XS
7346d270-1110-4c9c-957b-5fb9f2ba21df,None,SSC-FDM-0008,On Commit not supported,ON COMMIT NOT SUPPORTED,BV_B360_CUST_VAU_MGMT_ACTN_INSG 1.sql,983,39,N/A,N/A,N/A,vt_pn_multiple_needs,vt_pn_multiple_needs,CREATE TABLE,S
7346d270-1110-4c9c-957b-5fb9f2ba21df,None,SSC-FDM-0008,On Commit not supported,ON COMMIT NOT SUPPORTED,BV_B360_CUST_VAU_MGMT_ACTN_INSG 1.sql,900,38,N/A,N/A,N/A,vt_pn_increasing_propensity,vt_pn_increasing_propensity,CREATE TABLE,XS
7346d270-1110-4c9c-957b-5fb9f2ba21df,None,SSC-FDM-0008,On Commit not supported,ON COMMIT NOT SUPPORTED,BV_B360_CUST_VAU_MGMT_ACTN_INSG 1.sql,877,38,N/A,N/A,N/A,vt_pn_model_def,vt_pn_model_def,CREATE TABLE,S
7346d270-1110-4c9c-957b-5fb9f2ba21df,None,SSC-FDM-0007,Element with missing dependencies,"MISSING DEPENDENT OBJECT ""U_V_DSV_001_QPD_1.CUST_DIMN""",BV_B360_CUST_VAU_MGMT_ACTN_INSG 1.sql,713,0,N/A,N/A,N/A,vt_pn_cust_detl,vt_pn_cust_detl,CREATE TABLE,S
7346d270-1110-4c9c-957b-5fb9f2ba21df,None,SSC-FDM-0008,On Commit not supported,ON COMMIT NOT SUPPORTED,BV_B360_CUST_VAU_MGMT_ACTN_INSG 1.sql,765,38,N/A,N/A,N/A,vt_pn_cust_detl,vt_pn_cust_detl,CREATE TABLE,S
7346d270-1110-4c9c-957b-5fb9f2ba21df,None,SSC-FDM-0007,Element with missing dependencies,"MISSING DEPENDENT OBJECT ""U_D_DSV_001_QPD_1.BV_B360_CUST_VALU_MGMT_PRED_NEED_BASE""",BV_B360_CUST_VAU_MGMT_ACTN_INSG 1.sql,651,0,N/A,N/A,N/A,vt_pn_filtered_scores,vt_pn_filtered_scores,CREATE TABLE,S
7346d270-1110-4c9c-957b-5fb9f2ba21df,None,SSC-FDM-0008,On Commit not supported,ON COMMIT NOT SUPPORTED,BV_B360_CUST_VAU_MGMT_ACTN_INSG 1.sql,709,38,N/A,N/A,N/A,vt_pn_filtered_scores,vt_pn_filtered_scores,CREATE TABLE,S
7346d270-1110-4c9c-957b-5fb9f2ba21df,None,SSC-FDM-0008,On Commit not supported,ON COMMIT NOT SUPPORTED,BV_B360_CUST_VAU_MGMT_ACTN_INSG 1.sql,634,1,N/A,N/A,N/A,vt_payaways_rankings,vt_payaways_rankings,CREATE TABLE,XS
7346d270-1110-4c9c-957b-5fb9f2ba21df,Low,SSC-EWI-TD0041,Trunc added to ensure integer,TRUNC FUNCTION WAS ADDED TO ENSURE INTEGER. MAY NEED CHANGES IF NOT NUMERIC OR STRING.,BV_B360_CUST_VAU_MGMT_ACTN_INSG 1.sql,609,9,N/A,N/A,N/A,vt_payaways_rankings,vt_payaways_rankings,CREATE TABLE,XS
7346d270-1110-4c9c-957b-5fb9f2ba21df,None,SSC-FDM-0008,On Commit not supported,ON COMMIT NOT SUPPORTED,BV_B360_CUST_VAU_MGMT_ACTN_INSG 1.sql,592,1,N/A,N/A,N/A,vt_payaways_final_ranks,vt_payaways_final_ranks,CREATE TABLE,XS
7346d270-1110-4c9c-957b-5fb9f2ba21df,None,SSC-FDM-0008,On Commit not supported,ON COMMIT NOT SUPPORTED,BV_B360_CUST_VAU_MGMT_ACTN_INSG 1.sql,550,1,N/A,N/A,N/A,vt_payaways_nftp_missing_fields_ranking_rules,vt_payaways_nftp_missing_fields_ranking_rules,CREATE TABLE,XS
7346d270-1110-4c9c-957b-5fb9f2ba21df,None,SSC-FDM-0008,On Commit not supported,ON COMMIT NOT SUPPORTED,BV_B360_CUST_VAU_MGMT_ACTN_INSG 1.sql,516,1,N/A,N/A,N/A,vt_payaways_nftp_nonrecurring_ranking_rule,vt_payaways_nftp_nonrecurring_ranking_rule,CREATE TABLE,XS
7346d270-1110-4c9c-957b-5fb9f2ba21df,None,SSC-FDM-0008,On Commit not supported,ON COMMIT NOT SUPPORTED,BV_B360_CUST_VAU_MGMT_ACTN_INSG 1.sql,485,1,N/A,N/A,N/A,vt_payaways_nftp_recurring_ranking_rule,vt_payaways_nftp_recurring_ranking_rule,CREATE TABLE,XS
7346d270-1110-4c9c-957b-5fb9f2ba21df,None,SSC-FDM-0008,On Commit not supported,ON COMMIT NOT SUPPORTED,BV_B360_CUST_VAU_MGMT_ACTN_INSG 1.sql,450,1,N/A,N/A,N/A,vt_payaways_ftp_ranks,vt_payaways_ftp_ranks,CREATE TABLE,XS
7346d270-1110-4c9c-957b-5fb9f2ba21df,None,SSC-FDM-0008,On Commit not supported,ON COMMIT NOT SUPPORTED,BV_B360_CUST_VAU_MGMT_ACTN_INSG 1.sql,423,3,N/A,N/A,N/A,vt_payaways_descriptions,vt_payaways_descriptions,CREATE TABLE,S
7346d270-1110-4c9c-957b-5fb9f2ba21df,None,SSC-FDM-TD0029,Calling TO_CHAR can result in different behavior,SNOWFLAKE SUPPORTED FORMATS FOR TO_CHAR DIFFER FROM TERADATA AND MAY FAIL OR HAVE DIFFERENT BEHAVIOR,BV_B360_CUST_VAU_MGMT_ACTN_INSG 1.sql,412,29,N/A,N/A,N/A,vt_payaways_descriptions,vt_payaways_descriptions,CREATE TABLE,S
7346d270-1110-4c9c-957b-5fb9f2ba21df,None,SSC-FDM-TD0029,Calling TO_CHAR can result in different behavior,SNOWFLAKE SUPPORTED FORMATS FOR TO_CHAR DIFFER FROM TERADATA AND MAY FAIL OR HAVE DIFFERENT BEHAVIOR,BV_B360_CUST_VAU_MGMT_ACTN_INSG 1.sql,410,28,N/A,N/A,N/A,vt_payaways_descriptions,vt_payaways_descriptions,CREATE TABLE,S
7346d270-1110-4c9c-957b-5fb9f2ba21df,None,SSC-FDM-TD0029,Calling TO_CHAR can result in different behavior,SNOWFLAKE SUPPORTED FORMATS FOR TO_CHAR DIFFER FROM TERADATA AND MAY FAIL OR HAVE DIFFERENT BEHAVIOR,BV_B360_CUST_VAU_MGMT_ACTN_INSG 1.sql,406,114,N/A,N/A,N/A,vt_payaways_descriptions,vt_payaways_descriptions,CREATE TABLE,S
7346d270-1110-4c9c-957b-5fb9f2ba21df,None,SSC-FDM-TD0029,Calling TO_CHAR can result in different behavior,SNOWFLAKE SUPPORTED FORMATS FOR TO_CHAR DIFFER FROM TERADATA AND MAY FAIL OR HAVE DIFFERENT BEHAVIOR,BV_B360_CUST_VAU_MGMT_ACTN_INSG 1.sql,406,70,N/A,N/A,N/A,vt_payaways_descriptions,vt_payaways_descriptions,CREATE TABLE,S
7346d270-1110-4c9c-957b-5fb9f2ba21df,None,SSC-FDM-TD0029,Calling TO_CHAR can result in different behavior,SNOWFLAKE SUPPORTED FORMATS FOR TO_CHAR DIFFER FROM TERADATA AND MAY FAIL OR HAVE DIFFERENT BEHAVIOR,BV_B360_CUST_VAU_MGMT_ACTN_INSG 1.sql,406,20,N/A,N/A,N/A,vt_payaways_descriptions,vt_payaways_descriptions,CREATE TABLE,S
7346d270-1110-4c9c-957b-5fb9f2ba21df,None,SSC-FDM-TD0029,Calling TO_CHAR can result in different behavior,SNOWFLAKE SUPPORTED FORMATS FOR TO_CHAR DIFFER FROM TERADATA AND MAY FAIL OR HAVE DIFFERENT BEHAVIOR,BV_B360_CUST_VAU_MGMT_ACTN_INSG 1.sql,404,95,N/A,N/A,N/A,vt_payaways_descriptions,vt_payaways_descriptions,CREATE TABLE,S
7346d270-1110-4c9c-957b-5fb9f2ba21df,None,SSC-FDM-TD0029,Calling TO_CHAR can result in different behavior,SNOWFLAKE SUPPORTED FORMATS FOR TO_CHAR DIFFER FROM TERADATA AND MAY FAIL OR HAVE DIFFERENT BEHAVIOR,BV_B360_CUST_VAU_MGMT_ACTN_INSG 1.sql,404,53,N/A,N/A,N/A,vt_payaways_descriptions,vt_payaways_descriptions,CREATE TABLE,S
7346d270-1110-4c9c-957b-5fb9f2ba21df,None,SSC-FDM-TD0029,Calling TO_CHAR can result in different behavior,SNOWFLAKE SUPPORTED FORMATS FOR TO_CHAR DIFFER FROM TERADATA AND MAY FAIL OR HAVE DIFFERENT BEHAVIOR,BV_B360_CUST_VAU_MGMT_ACTN_INSG 1.sql,404,5,N/A,N/A,N/A,vt_payaways_descriptions,vt_payaways_descriptions,CREATE TABLE,S
7346d270-1110-4c9c-957b-5fb9f2ba21df,None,SSC-FDM-TD0029,Calling TO_CHAR can result in different behavior,SNOWFLAKE SUPPORTED FORMATS FOR TO_CHAR DIFFER FROM TERADATA AND MAY FAIL OR HAVE DIFFERENT BEHAVIOR,BV_B360_CUST_VAU_MGMT_ACTN_INSG 1.sql,397,29,N/A,N/A,N/A,vt_payaways_descriptions,vt_payaways_descriptions,CREATE TABLE,S
7346d270-1110-4c9c-957b-5fb9f2ba21df,None,SSC-FDM-TD0029,Calling TO_CHAR can result in different behavior,SNOWFLAKE SUPPORTED FORMATS FOR TO_CHAR DIFFER FROM TERADATA AND MAY FAIL OR HAVE DIFFERENT BEHAVIOR,BV_B360_CUST_VAU_MGMT_ACTN_INSG 1.sql,395,28,N/A,N/A,N/A,vt_payaways_descriptions,vt_payaways_descriptions,CREATE TABLE,S
7346d270-1110-4c9c-957b-5fb9f2ba21df,None,SSC-FDM-TD0029,Calling TO_CHAR can result in different behavior,SNOWFLAKE SUPPORTED FORMATS FOR TO_CHAR DIFFER FROM TERADATA AND MAY FAIL OR HAVE DIFFERENT BEHAVIOR,BV_B360_CUST_VAU_MGMT_ACTN_INSG 1.sql,391,114,N/A,N/A,N/A,vt_payaways_descriptions,vt_payaways_descriptions,CREATE TABLE,S
7346d270-1110-4c9c-957b-5fb9f2ba21df,None,SSC-FDM-TD0029,Calling TO_CHAR can result in different behavior,SNOWFLAKE SUPPORTED FORMATS FOR TO_CHAR DIFFER FROM TERADATA AND MAY FAIL OR HAVE DIFFERENT BEHAVIOR,BV_B360_CUST_VAU_MGMT_ACTN_INSG 1.sql,391,70,N/A,N/A,N/A,vt_payaways_descriptions,vt_payaways_descriptions,CREATE TABLE,S
7346d270-1110-4c9c-957b-5fb9f2ba21df,None,SSC-FDM-TD0029,Calling TO_CHAR can result in different behavior,SNOWFLAKE SUPPORTED FORMATS FOR TO_CHAR DIFFER FROM TERADATA AND MAY FAIL OR HAVE DIFFERENT BEHAVIOR,BV_B360_CUST_VAU_MGMT_ACTN_INSG 1.sql,391,20,N/A,N/A,N/A,vt_payaways_descriptions,vt_payaways_descriptions,CREATE TABLE,S
7346d270-1110-4c9c-957b-5fb9f2ba21df,None,SSC-FDM-TD0029,Calling TO_CHAR can result in different behavior,SNOWFLAKE SUPPORTED FORMATS FOR TO_CHAR DIFFER FROM TERADATA AND MAY FAIL OR HAVE DIFFERENT BEHAVIOR,BV_B360_CUST_VAU_MGMT_ACTN_INSG 1.sql,382,29,N/A,N/A,N/A,vt_payaways_descriptions,vt_payaways_descriptions,CREATE TABLE,S
7346d270-1110-4c9c-957b-5fb9f2ba21df,None,SSC-FDM-TD0029,Calling TO_CHAR can result in different behavior,SNOWFLAKE SUPPORTED FORMATS FOR TO_CHAR DIFFER FROM TERADATA AND MAY FAIL OR HAVE DIFFERENT BEHAVIOR,BV_B360_CUST_VAU_MGMT_ACTN_INSG 1.sql,380,28,N/A,N/A,N/A,vt_payaways_descriptions,vt_payaways_descriptions,CREATE TABLE,S
7346d270-1110-4c9c-957b-5fb9f2ba21df,None,SSC-FDM-TD0029,Calling TO_CHAR can result in different behavior,SNOWFLAKE SUPPORTED FORMATS FOR TO_CHAR DIFFER FROM TERADATA AND MAY FAIL OR HAVE DIFFERENT BEHAVIOR,BV_B360_CUST_VAU_MGMT_ACTN_INSG 1.sql,376,114,N/A,N/A,N/A,vt_payaways_descriptions,vt_payaways_descriptions,CREATE TABLE,S
7346d270-1110-4c9c-957b-5fb9f2ba21df,None,SSC-FDM-TD0029,Calling TO_CHAR can result in different behavior,SNOWFLAKE SUPPORTED FORMATS FOR TO_CHAR DIFFER FROM TERADATA AND MAY FAIL OR HAVE DIFFERENT BEHAVIOR,BV_B360_CUST_VAU_MGMT_ACTN_INSG 1.sql,376,70,N/A,N/A,N/A,vt_payaways_descriptions,vt_payaways_descriptions,CREATE TABLE,S
7346d270-1110-4c9c-957b-5fb9f2ba21df,None,SSC-FDM-TD0029,Calling TO_CHAR can result in different behavior,SNOWFLAKE SUPPORTED FORMATS FOR TO_CHAR DIFFER FROM TERADATA AND MAY FAIL OR HAVE DIFFERENT BEHAVIOR,BV_B360_CUST_VAU_MGMT_ACTN_INSG 1.sql,376,20,N/A,N/A,N/A,vt_payaways_descriptions,vt_payaways_descriptions,CREATE TABLE,S
7346d270-1110-4c9c-957b-5fb9f2ba21df,None,SSC-FDM-TD0029,Calling TO_CHAR can result in different behavior,SNOWFLAKE SUPPORTED FORMATS FOR TO_CHAR DIFFER FROM TERADATA AND MAY FAIL OR HAVE DIFFERENT BEHAVIOR,BV_B360_CUST_VAU_MGMT_ACTN_INSG 1.sql,366,29,N/A,N/A,N/A,vt_payaways_descriptions,vt_payaways_descriptions,CREATE TABLE,S
7346d270-1110-4c9c-957b-5fb9f2ba21df,None,SSC-FDM-TD0029,Calling TO_CHAR can result in different behavior,SNOWFLAKE SUPPORTED FORMATS FOR TO_CHAR DIFFER FROM TERADATA AND MAY FAIL OR HAVE DIFFERENT BEHAVIOR,BV_B360_CUST_VAU_MGMT_ACTN_INSG 1.sql,364,28,N/A,N/A,N/A,vt_payaways_descriptions,vt_payaways_descriptions,CREATE TABLE,S
7346d270-1110-4c9c-957b-5fb9f2ba21df,None,SSC-FDM-TD0029,Calling TO_CHAR can result in different behavior,SNOWFLAKE SUPPORTED FORMATS FOR TO_CHAR DIFFER FROM TERADATA AND MAY FAIL OR HAVE DIFFERENT BEHAVIOR,BV_B360_CUST_VAU_MGMT_ACTN_INSG 1.sql,360,114,N/A,N/A,N/A,vt_payaways_descriptions,vt_payaways_descriptions,CREATE TABLE,S
7346d270-1110-4c9c-957b-5fb9f2ba21df,None,SSC-FDM-TD0029,Calling TO_CHAR can result in different behavior,SNOWFLAKE SUPPORTED FORMATS FOR TO_CHAR DIFFER FROM TERADATA AND MAY FAIL OR HAVE DIFFERENT BEHAVIOR,BV_B360_CUST_VAU_MGMT_ACTN_INSG 1.sql,360,70,N/A,N/A,N/A,vt_payaways_descriptions,vt_payaways_descriptions,CREATE TABLE,S
7346d270-1110-4c9c-957b-5fb9f2ba21df,None,SSC-FDM-TD0029,Calling TO_CHAR can result in different behavior,SNOWFLAKE SUPPORTED FORMATS FOR TO_CHAR DIFFER FROM TERADATA AND MAY FAIL OR HAVE DIFFERENT BEHAVIOR,BV_B360_CUST_VAU_MGMT_ACTN_INSG 1.sql,360,20,N/A,N/A,N/A,vt_payaways_descriptions,vt_payaways_descriptions,CREATE TABLE,S
7346d270-1110-4c9c-957b-5fb9f2ba21df,None,SSC-FDM-TD0029,Calling TO_CHAR can result in different behavior,SNOWFLAKE SUPPORTED FORMATS FOR TO_CHAR DIFFER FROM TERADATA AND MAY FAIL OR HAVE DIFFERENT BEHAVIOR,BV_B360_CUST_VAU_MGMT_ACTN_INSG 1.sql,348,78,N/A,N/A,N/A,vt_payaways_descriptions,vt_payaways_descriptions,CREATE TABLE,S
7346d270-1110-4c9c-957b-5fb9f2ba21df,None,SSC-FDM-TD0029,Calling TO_CHAR can result in different behavior,SNOWFLAKE SUPPORTED FORMATS FOR TO_CHAR DIFFER FROM TERADATA AND MAY FAIL OR HAVE DIFFERENT BEHAVIOR,BV_B360_CUST_VAU_MGMT_ACTN_INSG 1.sql,347,76,N/A,N/A,N/A,vt_payaways_descriptions,vt_payaways_descriptions,CREATE TABLE,S
7346d270-1110-4c9c-957b-5fb9f2ba21df,None,SSC-FDM-TD0029,Calling TO_CHAR can result in different behavior,SNOWFLAKE SUPPORTED FORMATS FOR TO_CHAR DIFFER FROM TERADATA AND MAY FAIL OR HAVE DIFFERENT BEHAVIOR,BV_B360_CUST_VAU_MGMT_ACTN_INSG 1.sql,346,70,N/A,N/A,N/A,vt_payaways_descriptions,vt_payaways_descriptions,CREATE TABLE,S
7346d270-1110-4c9c-957b-5fb9f2ba21df,None,SSC-FDM-TD0029,Calling TO_CHAR can result in different behavior,SNOWFLAKE SUPPORTED FORMATS FOR TO_CHAR DIFFER FROM TERADATA AND MAY FAIL OR HAVE DIFFERENT BEHAVIOR,BV_B360_CUST_VAU_MGMT_ACTN_INSG 1.sql,342,78,N/A,N/A,N/A,vt_payaways_descriptions,vt_payaways_descriptions,CREATE TABLE,S
7346d270-1110-4c9c-957b-5fb9f2ba21df,None,SSC-FDM-TD0029,Calling TO_CHAR can result in different behavior,SNOWFLAKE SUPPORTED FORMATS FOR TO_CHAR DIFFER FROM TERADATA AND MAY FAIL OR HAVE DIFFERENT BEHAVIOR,BV_B360_CUST_VAU_MGMT_ACTN_INSG 1.sql,341,76,N/A,N/A,N/A,vt_payaways_descriptions,vt_payaways_descriptions,CREATE TABLE,S
7346d270-1110-4c9c-957b-5fb9f2ba21df,None,SSC-FDM-TD0029,Calling TO_CHAR can result in different behavior,SNOWFLAKE SUPPORTED FORMATS FOR TO_CHAR DIFFER FROM TERADATA AND MAY FAIL OR HAVE DIFFERENT BEHAVIOR,BV_B360_CUST_VAU_MGMT_ACTN_INSG 1.sql,340,70,N/A,N/A,N/A,vt_payaways_descriptions,vt_payaways_descriptions,CREATE TABLE,S
7346d270-1110-4c9c-957b-5fb9f2ba21df,None,SSC-FDM-TD0029,Calling TO_CHAR can result in different behavior,SNOWFLAKE SUPPORTED FORMATS FOR TO_CHAR DIFFER FROM TERADATA AND MAY FAIL OR HAVE DIFFERENT BEHAVIOR,BV_B360_CUST_VAU_MGMT_ACTN_INSG 1.sql,336,78,N/A,N/A,N/A,vt_payaways_descriptions,vt_payaways_descriptions,CREATE TABLE,S
7346d270-1110-4c9c-957b-5fb9f2ba21df,None,SSC-FDM-TD0029,Calling TO_CHAR can result in different behavior,SNOWFLAKE SUPPORTED FORMATS FOR TO_CHAR DIFFER FROM TERADATA AND MAY FAIL OR HAVE DIFFERENT BEHAVIOR,BV_B360_CUST_VAU_MGMT_ACTN_INSG 1.sql,335,76,N/A,N/A,N/A,vt_payaways_descriptions,vt_payaways_descriptions,CREATE TABLE,S
7346d270-1110-4c9c-957b-5fb9f2ba21df,None,SSC-FDM-TD0029,Calling TO_CHAR can result in different behavior,SNOWFLAKE SUPPORTED FORMATS FOR TO_CHAR DIFFER FROM TERADATA AND MAY FAIL OR HAVE DIFFERENT BEHAVIOR,BV_B360_CUST_VAU_MGMT_ACTN_INSG 1.sql,334,70,N/A,N/A,N/A,vt_payaways_descriptions,vt_payaways_descriptions,CREATE TABLE,S
7346d270-1110-4c9c-957b-5fb9f2ba21df,None,SSC-FDM-TD0029,Calling TO_CHAR can result in different behavior,SNOWFLAKE SUPPORTED FORMATS FOR TO_CHAR DIFFER FROM TERADATA AND MAY FAIL OR HAVE DIFFERENT BEHAVIOR,BV_B360_CUST_VAU_MGMT_ACTN_INSG 1.sql,330,34,N/A,N/A,N/A,vt_payaways_descriptions,vt_payaways_descriptions,CREATE TABLE,S
7346d270-1110-4c9c-957b-5fb9f2ba21df,None,SSC-FDM-TD0029,Calling TO_CHAR can result in different behavior,SNOWFLAKE SUPPORTED FORMATS FOR TO_CHAR DIFFER FROM TERADATA AND MAY FAIL OR HAVE DIFFERENT BEHAVIOR,BV_B360_CUST_VAU_MGMT_ACTN_INSG 1.sql,328,33,N/A,N/A,N/A,vt_payaways_descriptions,vt_payaways_descriptions,CREATE TABLE,S
7346d270-1110-4c9c-957b-5fb9f2ba21df,None,SSC-FDM-TD0029,Calling TO_CHAR can result in different behavior,SNOWFLAKE SUPPORTED FORMATS FOR TO_CHAR DIFFER FROM TERADATA AND MAY FAIL OR HAVE DIFFERENT BEHAVIOR,BV_B360_CUST_VAU_MGMT_ACTN_INSG 1.sql,324,109,N/A,N/A,N/A,vt_payaways_descriptions,vt_payaways_descriptions,CREATE TABLE,S
7346d270-1110-4c9c-957b-5fb9f2ba21df,None,SSC-FDM-TD0029,Calling TO_CHAR can result in different behavior,SNOWFLAKE SUPPORTED FORMATS FOR TO_CHAR DIFFER FROM TERADATA AND MAY FAIL OR HAVE DIFFERENT BEHAVIOR,BV_B360_CUST_VAU_MGMT_ACTN_INSG 1.sql,324,67,N/A,N/A,N/A,vt_payaways_descriptions,vt_payaways_descriptions,CREATE TABLE,S
7346d270-1110-4c9c-957b-5fb9f2ba21df,None,SSC-FDM-TD0029,Calling TO_CHAR can result in different behavior,SNOWFLAKE SUPPORTED FORMATS FOR TO_CHAR DIFFER FROM TERADATA AND MAY FAIL OR HAVE DIFFERENT BEHAVIOR,BV_B360_CUST_VAU_MGMT_ACTN_INSG 1.sql,324,19,N/A,N/A,N/A,vt_payaways_descriptions,vt_payaways_descriptions,CREATE TABLE,S
7346d270-1110-4c9c-957b-5fb9f2ba21df,None,SSC-FDM-TD0029,Calling TO_CHAR can result in different behavior,SNOWFLAKE SUPPORTED FORMATS FOR TO_CHAR DIFFER FROM TERADATA AND MAY FAIL OR HAVE DIFFERENT BEHAVIOR,BV_B360_CUST_VAU_MGMT_ACTN_INSG 1.sql,318,34,N/A,N/A,N/A,vt_payaways_descriptions,vt_payaways_descriptions,CREATE TABLE,S
7346d270-1110-4c9c-957b-5fb9f2ba21df,None,SSC-FDM-TD0029,Calling TO_CHAR can result in different behavior,SNOWFLAKE SUPPORTED FORMATS FOR TO_CHAR DIFFER FROM TERADATA AND MAY FAIL OR HAVE DIFFERENT BEHAVIOR,BV_B360_CUST_VAU_MGMT_ACTN_INSG 1.sql,316,33,N/A,N/A,N/A,vt_payaways_descriptions,vt_payaways_descriptions,CREATE TABLE,S
7346d270-1110-4c9c-957b-5fb9f2ba21df,None,SSC-FDM-TD0029,Calling TO_CHAR can result in different behavior,SNOWFLAKE SUPPORTED FORMATS FOR TO_CHAR DIFFER FROM TERADATA AND MAY FAIL OR HAVE DIFFERENT BEHAVIOR,BV_B360_CUST_VAU_MGMT_ACTN_INSG 1.sql,312,109,N/A,N/A,N/A,vt_payaways_descriptions,vt_payaways_descriptions,CREATE TABLE,S
7346d270-1110-4c9c-957b-5fb9f2ba21df,None,SSC-FDM-TD0029,Calling TO_CHAR can result in different behavior,SNOWFLAKE SUPPORTED FORMATS FOR TO_CHAR DIFFER FROM TERADATA AND MAY FAIL OR HAVE DIFFERENT BEHAVIOR,BV_B360_CUST_VAU_MGMT_ACTN_INSG 1.sql,312,67,N/A,N/A,N/A,vt_payaways_descriptions,vt_payaways_descriptions,CREATE TABLE,S
7346d270-1110-4c9c-957b-5fb9f2ba21df,None,SSC-FDM-TD0029,Calling TO_CHAR can result in different behavior,SNOWFLAKE SUPPORTED FORMATS FOR TO_CHAR DIFFER FROM TERADATA AND MAY FAIL OR HAVE DIFFERENT BEHAVIOR,BV_B360_CUST_VAU_MGMT_ACTN_INSG 1.sql,312,19,N/A,N/A,N/A,vt_payaways_descriptions,vt_payaways_descriptions,CREATE TABLE,S
7346d270-1110-4c9c-957b-5fb9f2ba21df,None,SSC-FDM-TD0029,Calling TO_CHAR can result in different behavior,SNOWFLAKE SUPPORTED FORMATS FOR TO_CHAR DIFFER FROM TERADATA AND MAY FAIL OR HAVE DIFFERENT BEHAVIOR,BV_B360_CUST_VAU_MGMT_ACTN_INSG 1.sql,306,34,N/A,N/A,N/A,vt_payaways_descriptions,vt_payaways_descriptions,CREATE TABLE,S
7346d270-1110-4c9c-957b-5fb9f2ba21df,None,SSC-FDM-TD0029,Calling TO_CHAR can result in different behavior,SNOWFLAKE SUPPORTED FORMATS FOR TO_CHAR DIFFER FROM TERADATA AND MAY FAIL OR HAVE DIFFERENT BEHAVIOR,BV_B360_CUST_VAU_MGMT_ACTN_INSG 1.sql,304,33,N/A,N/A,N/A,vt_payaways_descriptions,vt_payaways_descriptions,CREATE TABLE,S
7346d270-1110-4c9c-957b-5fb9f2ba21df,None,SSC-FDM-TD0029,Calling TO_CHAR can result in different behavior,SNOWFLAKE SUPPORTED FORMATS FOR TO_CHAR DIFFER FROM TERADATA AND MAY FAIL OR HAVE DIFFERENT BEHAVIOR,BV_B360_CUST_VAU_MGMT_ACTN_INSG 1.sql,300,109,N/A,N/A,N/A,vt_payaways_descriptions,vt_payaways_descriptions,CREATE TABLE,S
7346d270-1110-4c9c-957b-5fb9f2ba21df,None,SSC-FDM-TD0029,Calling TO_CHAR can result in different behavior,SNOWFLAKE SUPPORTED FORMATS FOR TO_CHAR DIFFER FROM TERADATA AND MAY FAIL OR HAVE DIFFERENT BEHAVIOR,BV_B360_CUST_VAU_MGMT_ACTN_INSG 1.sql,300,67,N/A,N/A,N/A,vt_payaways_descriptions,vt_payaways_descriptions,CREATE TABLE,S
7346d270-1110-4c9c-957b-5fb9f2ba21df,None,SSC-FDM-TD0029,Calling TO_CHAR can result in different behavior,SNOWFLAKE SUPPORTED FORMATS FOR TO_CHAR DIFFER FROM TERADATA AND MAY FAIL OR HAVE DIFFERENT BEHAVIOR,BV_B360_CUST_VAU_MGMT_ACTN_INSG 1.sql,300,19,N/A,N/A,N/A,vt_payaways_descriptions,vt_payaways_descriptions,CREATE TABLE,S
7346d270-1110-4c9c-957b-5fb9f2ba21df,None,SSC-FDM-0007,Element with missing dependencies,"MISSING DEPENDENT OBJECT ""PFTCF.HASH_MD5""",BV_B360_CUST_VAU_MGMT_ACTN_INSG 1.sql,165,0,N/A,N/A,N/A,vt_payaways_agg,vt_payaways_agg,CREATE TABLE,S
7346d270-1110-4c9c-957b-5fb9f2ba21df,None,SSC-FDM-0008,On Commit not supported,ON COMMIT NOT SUPPORTED,BV_B360_CUST_VAU_MGMT_ACTN_INSG 1.sql,250,1,N/A,N/A,N/A,vt_payaways_agg,vt_payaways_agg,CREATE TABLE,S
7346d270-1110-4c9c-957b-5fb9f2ba21df,None,SSC-FDM-0008,On Commit not supported,ON COMMIT NOT SUPPORTED,BV_B360_CUST_VAU_MGMT_ACTN_INSG 1.sql,150,1,N/A,N/A,N/A,vt_payaways_ftp_lat_det,vt_payaways_ftp_lat_det,CREATE TABLE,XS
7346d270-1110-4c9c-957b-5fb9f2ba21df,None,SSC-FDM-0008,On Commit not supported,ON COMMIT NOT SUPPORTED,BV_B360_CUST_VAU_MGMT_ACTN_INSG 1.sql,116,1,N/A,N/A,N/A,vt_payaways_ftp_eal_dates,vt_payaways_ftp_eal_dates,CREATE TABLE,XS
7346d270-1110-4c9c-957b-5fb9f2ba21df,None,SSC-FDM-0008,On Commit not supported,ON COMMIT NOT SUPPORTED,BV_B360_CUST_VAU_MGMT_ACTN_INSG 1.sql,68,1,N/A,N/A,N/A,vt_payaways_ftp,vt_payaways_ftp,CREATE TABLE,XS
7346d270-1110-4c9c-957b-5fb9f2ba21df,None,SSC-FDM-0007,Element with missing dependencies,"MISSING DEPENDENT OBJECT ""U_V_DSV_001_QPD_1.BV_B360_TRAN_CATG_PAY_AWAY_VW""",BV_B360_CUST_VAU_MGMT_ACTN_INSG 1.sql,7,0,N/A,N/A,N/A,vt_payaways_base,vt_payaways_base,CREATE TABLE,XS
7346d270-1110-4c9c-957b-5fb9f2ba21df,None,SSC-FDM-0008,On Commit not supported,ON COMMIT NOT SUPPORTED,BV_B360_CUST_VAU_MGMT_ACTN_INSG 1.sql,32,1,N/A,N/A,N/A,vt_payaways_base,vt_payaways_base,CREATE TABLE,XS
7346d270-1110-4c9c-957b-5fb9f2ba21df,None,SSC-FDM-0007,Element with missing dependencies,"MISSING DEPENDENT OBJECTS ""U_D_DSV_001_QPD_1.BV_B360_CRM_CUST_DIMN"", ""P_V_USR_TEC_0.S_PATY_GRUP_DETL"", ""P_V_USR_TEC_0.R_CSE_OU_TEAM_STRC""",BV_B360_CRM_CUST_DIMN_V3 1.sql,74,0,N/A,N/A,N/A,N/A,N/A,INSERT,N/A
7346d270-1110-4c9c-957b-5fb9f2ba21df,None,SSC-FDM-0007,Element with missing dependencies,"MISSING DEPENDENT OBJECTS ""P_V_USR_TEC_0.DIMN_CUST"", ""P_V_USR_TEC_0.L_PATY_IM_PATY"", ""P_V_USR_TEC_0.S_PATY_ATTR"", ""B_V_USR_TEC_0.BV_BPB_PATY_SEGM""",BV_B360_CRM_CUST_DIMN_V3 1.sql,3,0,N/A,N/A,N/A,VT_ALL_CUST_BASE,VT_ALL_CUST_BASE,CREATE TABLE,S
7346d270-1110-4c9c-957b-5fb9f2ba21df,None,SSC-FDM-0008,On Commit not supported,ON COMMIT NOT SUPPORTED,BV_B360_CRM_CUST_DIMN_V3 1.sql,68,1,N/A,N/A,N/A,VT_ALL_CUST_BASE,VT_ALL_CUST_BASE,CREATE TABLE,S
